Rk,Player,Age,Comp,MP,Gls,Ast,Pass%,KeyPass_90,Interception_90,Tackle_90,Recovery_90,Blk_90,Ground_duel_90,Aerial_90,Touches_p90,Possesion_lost_90,Succ_Drib_90
0,Casemiro,34,EPL,2332,8,2,81,1,0.8,2.4,4.1,0.8,52,49,61.4,10.9,0.2
1,Elliot Anderson,23,EPL,3044,3,2,85,1.4,1.1,2.8,8.3,0.4,53,59,88.4,17.9,1.3
2,Carlos Baleba,22,EPL,1408,0,0,86,0.2,0.9,1.1,3,0.1,47,53,31.2,5.1,0.4
3,Adam Wharton,22,EPL,2290,0,5,79,1.2,0.9,2.1,4.8,0.1,51,46,51.6,12.3,0.5
4,Angelo Stiller,25,Bundesliga,2480,2,5,88,1.6,0.8,1.4,4.7,0.2,64,40,84.1,12.6,0.5
5,Manu Koné,24,Serie A,2302,2,2,91,0.9,0.6,1.8,4.7,0.1,51,49,63.2,8.8,1.1
6,Bruno Guimaraes,28,EPL,2121,9,4,87,1.7,0.5,2.2,4.4,0.04,51,33,69.4,13.4,0.6
7,Sandro Tonali,25,EPL,2310,0,2,84,0.9,0.9,1,4.2,0.2,55,48,58,11.4,0.6
8,André,24,EPL,2406,1,0,91,0.5,0.8,2.4,5.9,0.3,55,22,50.5,6.6,0.5
